100015683925;6535834;0001;0001-2;34;12500;;1;;;;1;;;
100015684588;C0474951;0001;0001-5;34;14000;;1;;;;1;;;
100015684486;8113698;0001;0001-4;34;10000;;1;;;;1;;;
100015686816;1796518;0006;0006-3;11.5;5000;;1;;;;1;;;
100015687711;C0493152;0006;0006-629PS;11.5;15;;1;;;;1;;;
100015686456;26150596;0006;0006-1;11.5;7000;;1;;;;1;;;
100015688657;5066303;0007;0007-5A;115;12500;;1;;;;1;;;
100015688681;8284780;0007;0007-6;115;18750;;1;;;;1;;;
100015688584;8278165;0007;0007-5;115;12500;;1;;;;1;;;
100015688997;G186002;0007;0007-10T;34.5;40000;;1;;;;1;;;
100015689023;G186003;0007;0007-11T;34.5;40000;;1;;;;1;;;
100015689030;G186004;0007;0007-12T;115;40000;;1;;;;1;;;
100015688965;G186001;0007;0007-9T;34.5;40000;;1;;;;1;;;
100015689202;C0753655;0009;0009- EMSP 34KV REG 37MVA LTC;34.5;38;;1;;;;1;;;
100015689203;C0753654;0009;0009-FUTURE STA 8132 REG;34.5;38;;1;;;;1;;;
100015689206;B339282;0009;0009- EMSP 34-4KV .5 MVA;34.5;500;;1;;;;1;;;
100015689234;G237101;0009;0009-SPARE;115;70000;;1;;;;1;;;
100015695037;C0344951;0009;0009-SPARE;34.5;28000;;1;;;;1;;;
100015689229;4541744;0009;0009-SPARE 1P 34-4 500KVA;0;500;;1;;;;1;;;
100015689205;3328823;0009;0009- EMSP 34-4KV 1.25 MVA;34.5;1250;;1;;;;1;;;
100015689228;4541745;0009;0009-SPARE 1P 34-4 500KVA;0;500;;1;;;;1;;;
100015689230;4541743;0009;0009-SPARE 1P 34-4 500KVA;0;500;;1;;;;1;;;
100016021434;129516;0009;0009-SPARE;0;56000;;1;;;;1;;;
100015689235;20151300372;0009;0009-SPARE;34.5;56000;;1;;;;1;;;
100016021532;E44021214;0009;0009-SPARE;34;14000;;1;;;;1;;;
100016021410;T040N0116202;0009-SPARE;0009-SPARE;0;40000;;1;;;;1;;;
100016021421;T040N0116201;0009-SPARE;0009-SPARE;0;40000;;1;;;;1;;;
100015689289;8565181;0014;0014-2;11.5;12250;;1;;;;1;;;
100015689249;2669285;0014;0014-1;11.5;12250;;1;;;;1;;;
100015689460;2493992;0015;0015-2;11.5;6250;;1;;;;1;;;
100015689429;C859145;0015;0015-1;11.5;6250;;1;;;;1;;;
100015689650;2492330;0016;0016-2;11.5;6250;;1;;;;1;;;
100015689609;2010480071;0016;0016-1;11.5;6670;;1;;;;1;;;
100015689794;2493991;0017;0017-2;11.5;6250;;1;;;;1;;;
100015689758;B359118;0017;0017-1;11.5;6250;;1;;;;1;;;
100015689955;2598832;0018;0018-2;11.5;12250;;1;;;;1;;;
100015689884;B359117;0018;0018-1;11.5;12250;;1;;;;1;;;
100015690008;C586596;0018;0018-3;34.5;20000;;1;;;;1;;;
100015690216;2494031;0019;0019-2;11.5;6250;;1;;;;1;;;
100015690177;8565182;0019;0019-1;11.5;6250;;1;;;;1;;;
100015690322;2901980;0022;0022-1;34.5;6250;;1;;;;1;;;
100015690893;L248795B;0023;0023-3GND;11.5;0;;1;;;;1;;;
100015690661;H887489B;0023;0023-1GND;11.5;0;;1;;;;1;;;
100015690468;K547199;0023;0023-1;115;74000;;1;;;;1;;;
100015690720;M100363;0023;0023-2;115;74000;;1;;;;1;;;
100015690945;L248795A;0023;0023-4GND;11.5;0;;1;;;;1;;;
100015690803;H887489A;0023;0023-2GND;11.5;0;;1;;;;1;;;
100015691530;6994674;0026;0026-1;34.5;33300;;1;;;;1;;;
100015691795;8285307;0029;0029-1BUS;4;6700;;1;;;;1;;;
100015691904;8285308;0029;0029-2BUS;4;6700;;1;;;;1;;;
100015691761;2048763;0029;0029-1;34.5;6700;;1;;;;1;;;
100015692282;C0478551;0029;0029-725PS;34.5;35;;1;;;;1;;;
100015692307;C0478552;0029;0029-731PS;34.5;35;;1;;;;1;;;
100015691823;2048764;0029;0029-2;34.5;6700;;1;;;;1;;;
100015691934;A0157T;0029;0029-3;34.5;10500;;1;;;;1;;;
100015693160;C857154;0033;0033-SPARE;34.5;6000;;1;;;;1;;;
100015692646;RBB66641;0033;0033-3;34.5;37300;;1;;;;1;;;
100015692355;C0214751;0033;0033-1;34.5;10500;;1;;;;1;;;
100015692463;A6890;0033;0033-11;115;28000;;1;;;;1;;;
100015692409;MLL94102;0033;0033-10;115;75000;;1;;;;1;;;
100015692586;312763011;0033;0033-2;34.5;14000;;1;;;;1;;;
100015693072;MLL94101;0033;0033-8;115;75000;;1;;;;1;;;
100015693219;2760104;0034;0034-2;11;6250;;1;;;;1;;;
100015693703;2979825;0035;0035-2;11;6250;;1;;;;1;;;
100015693637;2979824;0035;0035-1;11;6250;;1;;;;1;;;
100015694028;E691590A;0036;0036-2;34.5;7000;;1;;;;1;;;
100015693990;B501292;0036;0036-1;11.5;6250;;1;;;;1;;;
100015694208;S32105;0036;0036-3;705;14000;;1;;;;1;;;
100015694749;C181325;0037;0037-5;34.5;20000;;1;;;;1;;;
100015694274;H880253;0037;0037-10;34.5;10500;;1;;;;1;;;
100015694235;B501293;0037;0037-1;11;6250;;1;;;;1;;;
100015694985;C0750852;0037;0037-8;115;75000;;1;;;;1;;;
100015694675;P670358;0037;0037-4;34.5;37300;;1;;;;1;;;
100015694479;8285124;0037;0037-3;34.5;6250;;1;;;;1;;;
100015695530;2048762;0038;0038-4;34.5;25000;;1;;;;1;;;
100015695612;D573319;0038;0038-5;34.5;33000;;1;;;;1;;;
100015695324;1014126173;0038;0038-3;34.5;20000;;1;;;;1;;;
100015705533;810100;0038;0038-1;11;7000;;1;;;;1;;;
100015689204;GM951447;0038;0038-1;11;7000;;1;;;;1;;;
100015695274;S31663;0038;0038-2;11.5;7000;;1;;;;1;;;
100015696125;2010480072;0039;0039-2;11.5;6667;;1;;;;1;;;
100015696087;6640363;0039;0039-1;11.5;5000;;1;;;;1;;;
100015696300;F960771B;0040;0040-3;34.5;10500;;1;;;;1;;;
100015696391;G860269;0040;0040-4;34.5;10500;;1;;;;1;;;
100015696450;8284453;0040;0040-5;34.5;12500;;1;;;;1;;;
100015696586;1994745;0041;0041-2;11;10000;;1;;;;1;;;
100015696531;1966667;0041;0041-1;34.5;9375;;1;;;;1;;;
100015696741;5063130;0042;0042-1;34.5;6250;;1;;;;1;;;
100015697491;C0348851;0042;0042-7;115;75000;;1;;;;1;;;
100015697864;G186101;0042;0042-9T;115;56000;;1;;;;1;;;
100015697885;G190202;0042;0042-10T;115;75000;;1;;;;1;;;
100015697991;1613681309;0042;0042-12 TRANS;34.5;10500;;1;;;;1;;;
100015697871;G186102;0042;0042-11T;34.5;7500;;1;;;;1;;;
100015698039;C201110S01;0042;0042-920 PS;115;75000;;1;;;;1;;;
100015696906;11051913;0042;0042-2;115;75000;;1;;;;1;;;
100015697878;G190201;0042;0042-8T;115;56000;;1;;;;1;;;
100015698028;1603231309;0042;0042-4T;115;230000;;1;;;;1;;;
100015698120;B682360;0043;0043-4;34.5;6250;;1;;;;1;;;
100015698090;8285125;0043;0043-3;34.5;6250;;1;;;;1;;;
100015698346;F960505B;0045;0045-1;34.5;7000;;1;;;;1;;;
100015698422;201048004;0046;0046-1;34.5;6600;;1;;;;1;;;
100015698637;C0004051;0046;0046-3;34.5;6250;;1;;;;1;;;
100015698486;2007380;0046;0046-2;34.5;12500;;1;;;;1;;;
100015698796;8113647;0047;0047-1;11.5;5330;;1;;;;1;;;
100015698835;8112697;0047;0047-2;11.5;5330;;1;;;;1;;;
100015699694;RDP16511;0048;0048-8;115;28000;;1;;;;1;;;
100015699904;A0747T;0048;0048-IN STOCK (SPARE);115;28000;;1;;;;1;;;
100015699547;C0419351;0048;0048-7;115;28000;;1;;;;1;;;
100015699473;H409900;0048;0048-6;115;56000;;1;;;;1;;;
100015699202;B682262;0048;0048-4;34.5;6250;;1;;;;1;;;
100015699732;C0580251;0048;0048-9;115;56000;;1;;;;1;;;
100015698956;251021951;0048;0048-1;34.5;10500;;1;;;;1;;;
100015699936;2120040;0049;0049-1;34.5;10500;;1;;;;1;;;
100015700084;2621681;0049;0049-3;34.5;18750;;1;;;;1;;;
100015700001;C859116;0049;0049-2;34.5;9375;;1;;;;1;;;
100015700155;5066849;0049;0049-4;34.5;18750;;1;;;;1;;;
100015689232;S32134;0049;0049-5;34.5;37300;;1;;;;1;;;
100015689233;S32136;0049;0049-6;34.5;37300;;1;;;;1;;;
100015700619;8565180;0050;0050-2;11.5;6250;;1;;;;1;;;
100015700573;8109353;0050;0050-1;11.5;5330;;1;;;;1;;;
100015700752;5066338;0051;0051-1;11.5;6250;;1;;;;1;;;
100015700846;2019928;0053;0053-1C SPARE;34.5;4500;;1;;;;1;;;
100015700844;2366992;0053;0053-1A SPARE;34.5;4500;;1;;;;1;;;
100015700845;2084073;0053;0053-1B SPARE;34.5;4500;;1;;;;1;;;
100015700979;368501;0055;0055-2;34.5;22400;;1;;;;1;;;
100015701193;C0532951;0056;0056-3;115;22400;;1;;;;1;;;
100015701147;G204204;0056;0056-2;115;112000;;1;;;;1;;;
100015701129;G204201;0056;0056-1;115;112000;;1;;;;1;;;
100016096491;E40860313;0056;0056-4;115;20000;;1;;;;1;;;
100015701401;C0238651;0058;0058-1;34.5;7000;;1;;;;1;;;
100015701586;C500220;0060;0060-SPARE - FUTURE STA 60;34.5;4600;;1;;;;1;;;
100015701488;2751681;0060;0060-1;34.5;3750;;1;;;;1;;;
100015701697;GM930730;0062;0062-4;34.5;10500;;1;;;;1;;;
100015701585;GM930729;0062;0062-3;34.5;10500;;1;;;;1;;;
100015701860;3023452;0063;0063-1;34.5;6250;;1;;;;1;;;
100015701913;C0340951;0063;0063-2;34.5;10500;;1;;;;1;;;
100015702118;10110230651;0064;0064-1BUS REG;4;6;;1;;;;1;;;
100015702097;2475748;0064;0064-1;34.5;5000;;1;;;;1;;;
100015702206;C0050831;0065;0065-2;34.5;7000;;1;;;;1;;;
100015702177;M160975B;0065;0065-1;34.5;10500;;1;;;;1;;;
100015702384;F960283A;0066;0066-1;34.5;10500;;1;;;;1;;;
100015702410;F960283B;0066;0066-2;34.5;10500;;1;;;;1;;;
100015702621;6530203;0067;0067-1B;34.5;3750;;1;;;;1;;;
100015702620;6530202;0067;0067-1A;34.5;3750;;1;;;;1;;;
100015702662;6992024;0067;0067-2;115;37400;;1;;;;1;;;
100015702695;C0751051;0067;0067-3;115;22400;;1;;;;1;;;
100015702640;6530201;0067;0067-1C;34.5;3750;;1;;;;1;;;
100015703053;2492329;0068;0068-1;11.5;6250;;1;;;;1;;;
100015703099;2977481;0068;0068-2;11.5;6250;;1;;;;1;;;
100015703217;SLL54451;0069;0069-1;115;22400;;1;;;;1;;;
100015703218;G860268;0069;0069- EMSP 115-12KV 22MVA;115;22000;;1;;;;1;;;
100015703333;C0383952;0070;0070-1;115;22400;;1;;;;1;;;
100015703360;A2733T;0070;0070-2;115;22400;;1;;;;1;;;
100015703487;F961332;0071;0071-1;115;14000;;1;;;;1;;;
100015703535;E691793B;0071;0071-2;115;10500;;1;;;;1;;;
100015703691;2669284;0072;0072-1;11.5;6250;;1;;;;1;;;
100015703725;C857224;0072;0072-2;11.5;6250;;1;;;;1;;;
100015703843;C859380;0073;0073-1;34.5;7000;;1;;;;1;;;
100015703927;2898483;0074;0074-1;34.5;6250;;1;;;;1;;;
100015704021;C0066951;0075;0075-1;34.5;6250;;1;;;;1;;;
100015704057;C0345351;0075;0075-2;34.5;7000;;1;;;;1;;;
100015704217;C0029531;0076;0076-2;34.5;6250;;1;;;;1;;;
100015704185;C505251;0076;0076-1;34.5;6250;;1;;;;1;;;
100015705165;13B09272;0080;0080-SPARE;345;420000;;1;;;;1;;;
100015704985;D596815;0080;0080-MOBILE SUBS;115;10000;;1;;;;1;;;
100015704999;103;0080;0080-MOBILE SUBS;0;0;;1;;;;1;;;
100015704461;C0494951;0080;0080-2;345;280000;;1;;;;1;;;
100015704691;232810931;0080;0080-4;115;56000;;1;;;;1;;;
100015704373;11B10305;0080;0080-1;345;420000;;1;;;;1;;;
100015704487;11B10306;0080;0080-3;345;420000;;1;;;;1;;;
100015705178;TP80287401;0080;0080-5T;345;420000;;1;;;;1;;;
100015705251;F960615;0081;0081-1;34.5;10500;;1;;;;1;;;
100015705299;A5624;0081;0081-2;34.5;10500;;1;;;;1;;;
100015705695;RDP16501;0082;0082-3;115;22000;;1;;;;1;;;
100015705639;RHP33091;0082;0082-2;115;56000;;1;;;;1;;;
100015705531;D596689;0082;0082-1;115;56000;;1;;;;1;;;
100015706160;C0117551;0082;0082-SPARE 34-4;34.5;6250;;1;;;;1;;;
100015705532;292789991;0082;0082- EMSP 34-12 22MVA;34.5;22400;;1;;;;1;;;
100015705773;A2734T;0082;0082-4;115;22400;;1;;;;1;;;
100015706127;C0753652;0082;0082-FUTURE STA 181 708 REG;34.5;38;;1;;;;1;;;
100015706221;F960771A;0083;0083-1;34.5;10500;;1;;;;1;;;
100015706268;F60560397;0083;0083-2;34.5;10500;;1;;;;1;;;
100015706473;C859778;0084;0084-1;11.5;7000;;1;;;;1;;;
100015706555;C859097;0085;0085-1;34.5;6250;;1;;;;1;;;
100015706614;H880252;0085;0085-2;34.5;10500;;1;;;;1;;;
100015706797;6538973;0086;0086-1;34.5;6250;;1;;;;1;;;
100015706832;E691590D;0086;0086-2;34.5;7000;;1;;;;1;;;
100015707034;H878661A;0088;0088-1;34.5;10500;;1;;;;1;;;
100015707162;C859360;0089;0089-1;34.5;7000;;1;;;;1;;;
100015707213;C859781B;0089;0089-2;34.5;5250;;1;;;;1;;;
100015707361;C4662911;0089;0089-3;115;22400;;1;;;;1;;;
100015707500;E691590C;0090;0090-1;34.5;7000;;1;;;;1;;;
100015707625;C0047332;0091;0091-2;34.5;7000;;1;;;;1;;;
100015707593;C0047331;0091;0091-1;34.5;7000;;1;;;;1;;;
100015707723;F960446A;0092;0092-1;34.5;7000;;1;;;;1;;;
100015707818;F960446B;0093;0093-1;34.5;7000;;1;;;;1;;;
100015707839;24126;0093;0093-2;115;22400;;1;;;;1;;;
100015708103;P670357;0095;0095-3;34.5;37300;;1;;;;1;;;
100015708072;292765992;0095;0095-2;34.5;14000;;1;;;;1;;;
100015707952;292765991;0095;0095-1;34.5;14000;;1;;;;1;;;
100016113459;S32386;0095;0095-4;34.5;37300;;1;;;;1;;;
100015708823;H878661B;0096;0096-1;34.5;10500;;1;;;;1;;;
100015708943;F961564B;0097;0097-1;34.5;10500;;1;;;;1;;;
100015709059;F961603;0100;0100-1;34.5;10500;;1;;;;1;;;
100015709177;H879811;0101;0101-1;34.5;10500;;1;;;;1;;;
100015709295;F961892;0102;0102-1;34.5;10500;;1;;;;1;;;
100015709448;F961564;0103;0103-1;34.5;10500;;1;;;;1;;;
100015709498;M160975A;0103;0103-2;34.5;10500;;1;;;;1;;;
100015709731;C0383951;0104;0104-1;115;22400;;1;;;;1;;;
100015709749;D551939;0104;0104-3;115;40000;;1;;;;1;;;
100015709840;503481;0106;0106-1;34.5;22000;;1;;;;1;;;
100015709921;H878512A;0109;0109-1;34.5;14000;;1;;;;1;;;
100015709986;2925081;0109;0109-2;34.5;14000;;1;;;;1;;;
100015710125;F960505A;0110;0110-1;34.5;7000;;1;;;;1;;;
100015710217;R0833511;0111;0111-2T;34.5;14000;;1;;;;1;;;
100015710310;F960972;0112;0112-2;34.5;7000;;1;;;;1;;;
100015710244;H881763;0112;0112-1;34.5;7000;;1;;;;1;;;
100015710477;1768671308;0113;0113-1;115;22400;;1;;;;1;;;
100015710529;6994230;0114;0114-1;34.5;7000;;1;;;;1;;;
100015710625;A3451X;0115;0115-1;34.5;14000;;1;;;;1;;;
100015710768;E690291;0117;0117-1;34.5;5250;;1;;;;1;;;
100015710820;C0507551;0117;0117-2;34.5;22400;;1;;;;1;;;
100015710949;C859781G;0118;0118-1;34.5;5250;;1;;;;1;;;
100015710977;26312016711;0120;0120-1;34.5;3125;;1;;;;1;;;
100015710991;M122213;0120;0120-2;34.5;7000;;1;;;;1;;;
100015711054;A0133T;0121;0121-1;115;56000;;1;;;;1;;;
100015711606;97980885;0122;0122-3 SPARE;345;250000;;1;;;;1;;;
100016882172;13B09270;0122;0122-4;345;448000;;1;;;;1;;;
100016882177;13B09271;0122;0122-5;345;448000;;1;;;;1;;;
100016882180;16T1001;0122;0122-6;345;448000;;1;;;;1;;;
100015712309;SLL9490;0124;0124-2;115;22400;;1;;;;1;;;
100015712570;G285201;0124;0124-3;115;200000;;1;;;;1;;;
100015712288;A1165T;0124;0124-1;34.5;22400;;1;;;;1;;;
100015712543;C201110S03;0124;0124-938 PS;115;200000;;1;;;;1;;;
100015712544;C20111OS02;0124;0124-932 PS;115;200000;;1;;;;1;;;
100015712571;G285202;0124;0124-4;115;200000;;1;;;;1;;;
100015712750;292778991;0125;0125-2;34.5;22400;;1;;;;1;;;
100015712689;292788991;0125;0125-1;34.5;22400;;1;;;;1;;;
100015712866;SLL9126;0126;0126-1;34.5;22400;;1;;;;1;;;
100015713027;C0750851;0127;0127-3;115;75000;;1;;;;1;;;
100015712972;242705941;0127;0127-1;34.5;14000;;1;;;;1;;;
100015713428;2007382;0131;0131-2;34.5;12500;;1;;;;1;;;
100015713380;2007381;0131;0131-1;34.5;12500;;1;;;;1;;;
100015713482;A3431X;0132;0132-1;34.5;14000;;1;;;;1;;;
100015713786;312762012;0136;0136-1 TRANS;34;22400;;1;;;;1;;;
100015713886;20151300361;0136;0136-2 TRANS;34.5;22400;;1;;;;1;;;
100015714556;C0493151;0137;0137-602PS;11.5;15;;1;;;;1;;;
100015713974;S32120;0137;0137-1;34.5;37300;;1;;;;1;;;
100015714034;S32121;0137;0137-2;34.5;37300;;1;;;;1;;;
100015714670;D590130;013A;013A-6;115;40000;;1;;;;1;;;
100015714697;962000N001;013A;013A-767REG;34.5;3;;1;;;;1;;;
100015714925;H879650;0142;0142-1;34.5;14000;;1;;;;1;;;
100015714949;312762011;0142;0142-2;34.5;22400;;1;;;;1;;;
100015715052;H878512B;0143;0143-1;34.5;14000;;1;;;;1;;;
100015715079;F961703;0144;0144-1;34.5;7000;;1;;;;1;;;
100015715231;G850934A;0145;0145-SPARE;34.5;14000;;1;;;;1;;;
100015715200;PFP18871;0145;0145-2;34.5;14000;;1;;;;1;;;
100015715232;PFP18872;0146;0146-1;34.5;14000;;1;;;;1;;;
100015715284;M161191A;0148;0148-1;34.5;6250;;1;;;;1;;;
100015715402;C0753651;0149;0149-782REG;34.5;38;;1;;;;1;;;
100015715344;C859781D;0149;0149-1;34.5;5250;;1;;;;1;;;
100015715401;222501921;0153;0153-1;34.5;7000;;1;;;;1;;;
100015715500;F961891;0154;0154-2;34.5;14000;;1;;;;1;;;
100015715501;2751680;0154;0154-1;34.5;3750;;1;;;;1;;;
100015715616;E691590B;0155;0155-2;34.5;7000;;1;;;;1;;;
100015715666;8285236;0155;0155-704REG;34.5;25;;1;;;;1;;;
100015715773;20370;0156;0156-2;34.5;1500;;1;;;;1;;;
100015715754;E691922A;0156;0156-1;34.5;5250;;1;;;;1;;;
100015715980;6990603;0158;0158-SPARE;115;20000;;1;;;;1;;;
100015715861;D568960;0158;0158-1;115;20000;;1;;;;1;;;
100015715890;C0235851;0158;0158-2;115;20000;;1;;;;1;;;
100015716068;76ZG97A003;0160;0160-1C;34.5;250;;1;;;;1;;;
100015715979;76ZG97A004;0160;0160-0160: 5812 MT MORRIS ROAD;34.5;250;;1;;;;1;;;
100015716048;76ZG97A001;0160;0160-1A;34.5;250;;1;;;;1;;;
100015716049;76ZG97A002;0160;0160-1B;34.5;250;;1;;;;1;;;
100015716251;B339284;0163;0163-1C;34.5;1500;;1;;;;1;;;
100015716214;8684842;0163;0163-1A;34.5;1500;;1;;;;1;;;
100015716250;B339277;0163;0163-1B;34.5;1500;;1;;;;1;;;
100015716270;E691009;0167;0167-1;34.5;4600;;1;;;;1;;;
100015716325;F960269;0167;0167-2;34.5;5250;;1;;;;1;;;
100015716334;H409209;0168;0168-1;115;56000;;1;;;;1;;;
100015716390;D584993;0168;0168-2;115;56000;;1;;;;1;;;
100015716524;C0435151;0168;0168-IN STOCK (SPARE);115;75000;;1;;;;1;;;
100015716417;GM951446;0168;0168-3;115;22000;;1;;;;1;;;
100015716566;6536974;0169;0169-1;34.5;3750;;1;;;;1;;;
100015716756;2153703;0170;0170-1SP;34.5;1000;;1;;;;1;;;
100015716726;2153705;0170;0170-1C;34.5;1000;;1;;;;1;;;
100015716701;2153702;0170;0170-1B;34.5;1000;;1;;;;1;;;
100015716700;2153704;0170;0170-1A;34.5;1000;;1;;;;1;;;
100015716900;C3600713;0171;0171-1A;34.5;4200;;1;;;;1;;;
100015716929;C3600711;0171;0171-1B;34.5;4200;;1;;;;1;;;
100015716930;8801205;0171;0171-1C;34.5;4200;;1;;;;1;;;
100015716931;3328825;0171;0171-1SP;34.5;4200;;1;;;;1;;;
100015717038;3769198;0173;0173-1A;34.5;3250;;1;;;;1;;;
100015717050;2366993;0173;0173-1SP;34.5;3250;;1;;;;1;;;
100015717039;3769197;0173;0173-1C;34.5;3250;;1;;;;1;;;
100015717040;3328824;0173;0173-1B;34.5;3250;;1;;;;1;;;
100015717158;C64894656P;0174;0174-1A;34.5;1500;;1;;;;1;;;
100015717160;C64894556P;0174;0174-1C;34.5;1500;;1;;;;1;;;
100015717159;C64894456P;0174;0174-1B;34.5;1500;;1;;;;1;;;
100015717174;B339281;0174;0174-1SP;34.5;1500;;1;;;;1;;;
100015717242;2084048;0175;0175-1C;34.5;1500;;1;;;;1;;;
100015717240;2084047;0175;0175-1A;34.5;1500;;1;;;;1;;;
100015717257;B339283;0175;0175-1SP;34.5;1500;;1;;;;1;;;
100015717241;2084049;0175;0175-1B;34.5;1500;;1;;;;1;;;
100015717385;2392952;0176;0176-2;34.5;3000;;1;;;;1;;;
100015717256;C859781E;0176;0176-1;34.5;3750;;1;;;;1;;;
100015717386;5068669;0178;0178-1;115;7500;;1;;;;1;;;
100015717515;8801204;0179;0179-1A;34.5;3000;;1;;;;1;;;
100015717548;9596281;0179;0179-1B;34.5;3000;;1;;;;1;;;
100015717549;8800207;0179;0179-1C;34.5;3000;;1;;;;1;;;
100015717559;18226609701;0180;0180-1;115;56000;;1;;;;1;;;
100015717650;C859781C;0181;0181-1;34.5;3750;;1;;;;1;;;
100015717772;7528393;0184;0184-1C;34.5;1500;;1;;;;1;;;
100015717749;7528390;0184;0184-1A;34.5;1500;;1;;;;1;;;
100015717748;7528391;0184;0184-1B;34.5;1500;;1;;;;1;;;
100015717789;C4037411;0189;0189-2;34.5;10500;;1;;;;1;;;
100015717869;B339280;0192;0192-1C;34.5;1500;;1;;;;1;;;
100015717862;B339279;0192;0192-1B;34.5;1500;;1;;;;1;;;
100015717861;B339278;0192;0192-1A;34.5;1500;;1;;;;1;;;
100015717930;6994861;0193;0193-1;34.5;4200;;1;;;;1;;;
100015717985;G850986;0194;0194-3;34.5;10500;;1;;;;1;;;
100015718052;M161190;0195;0195-1;34.5;6250;;1;;;;1;;;
100015718089;SLL9127;0198;0198-1;34.5;10500;;1;;;;1;;;
100015718224;RHP33081;0199;0199-1;115;56000;;1;;;;1;;;
100015718300;L252262A;0202;0202-1;34.5;7000;;1;;;;1;;;
100015718385;D582204;0204;0204-2;115;50000;;1;;;;1;;;
100015718577;C465751;0204;0204-751REG;34.5;3;;1;;;;1;;;
100015718330;C0185051;0204;0204-1;115;50000;;1;;;;1;;;
100015718648;F62041197;0204;0204-IN STOCK (SPARE);115;56000;;1;;;;1;;;
100015718671;L252262B;0205;0205-2;34.5;7000;;1;;;;1;;;
100015718647;C0237051;0205;0205-1;34.5;5250;;1;;;;1;;;
100015718891;7523632;0207;0207-2A;34.5;1000;;1;;;;1;;;
100015718892;7523022;0207;0207-2B;34.5;1000;;1;;;;1;;;
100015718915;7148420;0207;0207-2C;34.5;1000;;1;;;;1;;;
100015718768;2018951;0207;0207-1A;34.5;1500;;1;;;;1;;;
100015718799;2018950;0207;0207-1C;34.5;1500;;1;;;;1;;;
100015718769;2018952;0207;0207-1B;34.5;1500;;1;;;;1;;;
100015718969;2019927;0208;0208-1C;34.5;3750;;1;;;;1;;;
100015718950;2019930;0208;0208-1B;34.5;3750;;1;;;;1;;;
100015718949;2019929;0208;0208-1A;34.5;3750;;1;;;;1;;;
100015719021;C859781A;0209;0209-1;34.5;3750;;1;;;;1;;;
100015719053;E691922B;0210;0210-1;34.5;5250;;1;;;;1;;;
100015719105;2018953;0212;0212-1A;34.5;1500;;1;;;;1;;;
100015719106;5006560;0212;0212-1B;34.5;1500;;1;;;;1;;;
100015719130;2220226;0212;0212-1C;34.5;1500;;1;;;;1;;;
100015719183;C859781F;0214;0214-1;34.5;3750;;1;;;;1;;;
100015719270;9157561;0215;0215-794REG;34.5;15;;1;;;;1;;;
100015719249;2713188;0215;0215-1C;34.5;1500;;1;;;;1;;;
100015719247;2713189;0215;0215-1A;34.5;1500;;1;;;;1;;;
100015719248;2713190;0215;0215-1B;34.5;1500;;1;;;;1;;;
100015719297;A6084;0216;0216-1;115;56000;;1;;;;1;;;
100015719416;C4639411;0217;0217-1T;34.5;7000;;1;;;;1;;;
100015719443;A3441X;0218;0218-1;34.5;14000;;1;;;;1;;;
100015719674;RDP16501;0230;0082-3;115;22400;;1;;;;1;;;
100015719792;C0345352;0246;0246-1;34.5;7000;;1;;;;1;;;
100015719865;F54616365P;0247;0247-1B;34.5;1500;;1;;;;1;;;
100015719864;F54616565P;0247;0247-1A;34.5;1500;;1;;;;1;;;
100015719877;F54616465P;0247;0247-1C;34.5;1500;;1;;;;1;;;
100015984486;13009;0251;0251-2T;115;42000;;1;;;;1;;;
100015984485;13008;0251;0251-1T;115;42000;;1;;;;1;;;
100015689231;S32137;0251;0251-3T;34.5;20000;;1;;;;1;;;
100015720221;C0292751;0415;0415-1;34.5;10500;;1;;;;1;;;
100015720220;C0292851;0415;0415-2;34.5;10500;;1;;;;1;;;
100015720302;PFR91131;0416;0416-2;34.5;10500;;1;;;;1;;;
100015720262;PFR91132;0416;0416-1;34.5;10500;;1;;;;1;;;
100015720387;F961653;0416;0416-EMSP;34.5;14000;;1;;;;1;;;
100015720388;F960223;0417;0417-1;34.5;7000;;1;;;;1;;;
100015720563;L252586;0418;0418-3;115;22400;;1;;;;1;;;
100015720527;RAR66481;0418;0418-2;115;28000;;1;;;;1;;;
100015720593;RAR66482;0418;0418-5;115;28000;;1;;;;1;;;
100015720450;C0646551;0418;0418-1;115;56000;;1;;;;1;;;
100015720857;F961652;0419;0419-1;115;37400;;1;;;;1;;;
100015720900;SLL949101;0419;0419-2;115;37400;;1;;;;1;;;
100015721131;F961686;0420;0420-1;34.5;10500;;1;;;;1;;;
100015721301;RBP30041;0421;0421-3;34.5;22400;;1;;;;1;;;
100015721359;RBP30111;0421;0421-4;34.5;22400;;1;;;;1;;;
100015721717;G204202;0424;0424-2;115;112000;;1;;;;1;;;
100015721568;G204203;0424;0424-1;115;112000;;1;;;;1;;;
100015721755;S32122;0424;0424-3T;34.5;22400;;1;;;;1;;;
100015721813;G850934B;0428;0428-1;34.5;14000;;1;;;;1;;;
100015722027;98634;0709;0709-1A;12;0;;1;;;;1;;;
100015722028;98641;0709;0709-1B;12;0;;1;;;;1;;;
100015722049;98649;0709;0709-1C;12;0;;1;;;;1;;;
100015722050;98646;0709;0709-1SP;12;0;;1;;;;1;;;
100015722383;3711544;0735;0735-1B;4;0;;1;;;;1;;;
100015722398;3711546;0735;0735-1C;4;0;;1;;;;1;;;
100015722382;3711543;0735;0735-1A;4;0;;1;;;;1;;;
100015722883;6991901;0779;0779-1;34.5;1;;1;;;;1;;;
100015722962;C0753657;8132;8132-736REG;34.5;38;;1;;;;1;;;
100015722980;L703230PGN;8205;8205-708REG;34.5;1;;1;;;;1;;;
100015722990;C0753653;8244;8244-795REG;34.5;38;;1;;;;1;;;
100015722989;C0753656;8312;8312-753REG;34.5;38;;1;;;;1;;;
100016783861;F8139;MOBI;MOBILE 05;MOBILE;37000;;1;;;;1;;;
